[{"@type":"mappingTemplate","id":"@1","name":"Mapping_RESTV2","description":"","autoExpireObject":false,"bundleVersion":"0","assetFrsGuid":"81PwJSxwAhfj5HwO6oXjiq","templateId":"@3","hasParameters":false,"valid":true,"fixedConnection":true,"hasParametersDeployed":false,"fixedConnectionDeployed":false,"isSchemaValidationEnabled":false,"tasks":0,"mappingPreviewFileRecordId":"@2","documentType":"MAPPING","allowMaxFieldLength":false,"specialCharacterSupport":false,"references":[{"@type":"reference","refObjectId":"@3oiLK7ngQa0hw3V1t40uaD","refType":"connection"},{"@type":"reference","refObjectId":"@gi94osF7JGRhus3RIVW4GJ","refType":"connection"}]}]